{
  "$schema": "http://json-schema.org/draft-04/schema#",
  "definitions": {
    "ip": {
      "title": "IP",
      "description": "An IP or subnet defined in CIDR notation",
      "type": "string"
    },
    "port_range": {
      "title": "Port range",
      "description": "Range of ports defined by start port and end port (including edges)",
      "type": "object",
      "properties": {
        "start": {
          "type": "integer"
        },
        "end": {
          "type": "integer"
        }
      },
      "required": [
        "start",
        "end"
      ],
      "additionalProperties": false
    },
    "protocol": {
      "title": "Protocol",
      "type": "string",
      "enum": [
        "TCP",
        "UDP",
        "ICMP"
      ]
    },
    "rule": {
      "title": "Policy Engine Rule",
      "description": "Rule to match connections against",
      "type": "object",
      "properties": {
        "id": {
          "title": "Rule ID",
          "description": "A unique identifier for the rule",
          "type": "string"
        },
        "name": {
          "title": "Rule Name",
          "description": "A name describing the purpose of the rule",
          "type": "string"
        },
        "ips": {
          "title": "IP range",
          "description": "A list of IPs or subnets to match rule against",
          "type": "array",
          "items": {
            "$ref": "#/definitions/ip"
          },
          "default": []
        },
        "ports": {
          "title": "Port ranges",
          "description": "A list of port ranges to match rule against",
          "type": "array",
          "items": {
            "$ref": "#/definitions/port_range"
          },
          "default": []
        },
        "protocols": {
          "title": "Protocols",
          "description": "A list of protocols to match rule against",
          "type": "array",
          "items": {
            "$ref": "#/definitions/protocol"
          },
          "default": []
        },
        "verdict": {
          "title": "Rule Verdict",
          "description": "The verdict to assign a connection that matches this rule",
          "type": "string",
          "enum": [
            "IGNORE",
            "INSPECT"
          ]
        }
      },
      "required": [
        "id",
        "name",
        "verdict"
      ],
      "additionalProperties": false
    }
  },
  "title": "Policy Engine Rule List",
  "description": "List of rules to analyze in the policy engine Guardicore coding assignment",
  "type": "array",
  "items": {
    "$ref": "#/definitions/rule"
  }
}